{
  "timestamp": "2026-04-21T00:14:30.740954",
  "summary": {
    "total_emails_evaluated": 600,
    "consensus_accuracy": 0.9116666666666666,
    "phishing_precision": 0.9329446064139941,
    "phishing_recall": 0.9142857142857143,
    "phishing_f1": 0.9235209235209235
  },
  "consensus_metrics": {
    "total_predictions": 600,
    "accuracy": 0.9116666666666666,
    "precision_phishing": 0.9329446064139941,
    "recall_phishing": 0.9142857142857143,
    "f1_phishing": 0.9235209235209235,
    "roc_auc": 0.9117371428571429,
    "confusion_matrix": [
      [
        227,
        0,
        23
      ],
      [
        0,
        0,
        0
      ],
      [
        30,
        0,
        320
      ]
    ]
  },
  "agent_metrics": {
    "content_agent": {
      "accuracy": 0.9116666666666666,
      "precision": 0.9329446064139941,
      "recall": 0.9142857142857143,
      "f1": 0.9235209235209235
    },
    "header_agent": {
      "accuracy": 0.4166666666666667,
      "precision": 0.0,
      "recall": 0.0,
      "f1": 0.0
    },
    "reputation_agent": {
      "accuracy": 0.4166666666666667,
      "precision": 0.0,
      "recall": 0.0,
      "f1": 0.0
    },
    "url_agent": {
      "accuracy": 0.4166666666666667,
      "precision": 0.0,
      "recall": 0.0,
      "f1": 0.0
    }
  },
  "efficiency_metrics": {
    "total_requests": 600,
    "successful_requests": 600,
    "error_rate": 0.0,
    "latency_p50_ms": 3633.982539176941,
    "latency_p95_ms": 10429.800033569336,
    "latency_p99_ms": 16936.45477294922,
    "latency_mean_ms": 4404.085346062978,
    "cache_hit_rate": 0.0,
    "throughput_emails_per_min": 13.623714184748229
  },
  "failure_analysis": {
    "false_positives": [
      {
        "email_id": "email_0006",
        "ground_truth": "SAFE",
        "verdict": "PHISHING",
        "score": 75,
        "confidence": 0.75,
        "agent_scores": {
          "url_agent": {
            "score": 0,
            "reason": "",
            "agent_name": "url_agent"
          },
          "content_agent": {
            "score": 99,
            "reason": "",
            "agent_name": "content_agent"
          },
          "header_agent": {
            "score": 20,
            "reason": "",
            "agent_name": "header_agent"
          },
          "reputation_agent": {
            "score": 0,
            "reason": "",
            "agent_name": "reputation_agent"
          }
        },
        "latency_ms": 11639.582872390747,
        "cache_hit": false,
        "error": null
      },
      {
        "email_id": "email_0020",
        "ground_truth": "SAFE",
        "verdict": "PHISHING",
        "score": 75,
        "confidence": 0.75,
        "agent_scores": {
          "url_agent": {
            "score": 0,
            "reason": "",
            "agent_name": "url_agent"
          },
          "content_agent": {
            "score": 100,
            "reason": "",
            "agent_name": "content_agent"
          },
          "header_agent": {
            "score": 20,
            "reason": "",
            "agent_name": "header_agent"
          },
          "reputation_agent": {
            "score": 0,
            "reason": "",
            "agent_name": "reputation_agent"
          }
        },
        "latency_ms": 5982.062816619873,
        "cache_hit": false,
        "error": null
      },
      {
        "email_id": "email_0023",
        "ground_truth": "SAFE",
        "verdict": "PHISHING",
        "score": 75,
        "confidence": 0.75,
        "agent_scores": {
          "url_agent": {
            "score": 0,
            "reason": "",
            "agent_name": "url_agent"
          },
          "content_agent": {
            "score": 99,
            "reason": "",
            "agent_name": "content_agent"
          },
          "header_agent": {
            "score": 20,
            "reason": "",
            "agent_name": "header_agent"
          },
          "reputation_agent": {
            "score": 0,
            "reason": "",
            "agent_name": "reputation_agent"
          }
        },
        "latency_ms": 2847.454071044922,
        "cache_hit": false,
        "error": null
      },
      {
        "email_id": "email_0057",
        "ground_truth": "SAFE",
        "verdict": "PHISHING",
        "score": 75,
        "confidence": 0.75,
        "agent_scores": {
          "url_agent": {
            "score": 0,
            "reason": "",
            "agent_name": "url_agent"
          },
          "content_agent": {
            "score": 93,
            "reason": "",
            "agent_name": "content_agent"
          },
          "header_agent": {
            "score": 20,
            "reason": "",
            "agent_name": "header_agent"
          },
          "reputation_agent": {
            "score": 0,
            "reason": "",
            "agent_name": "reputation_agent"
          }
        },
        "latency_ms": 3857.7311038970947,
        "cache_hit": false,
        "error": null
      },
      {
        "email_id": "email_0093",
        "ground_truth": "SAFE",
        "verdict": "PHISHING",
        "score": 75,
        "confidence": 0.75,
        "agent_scores": {
          "url_agent": {
            "score": 0,
            "reason": "",
            "agent_name": "url_agent"
          },
          "content_agent": {
            "score": 100,
            "reason": "",
            "agent_name": "content_agent"
          },
          "header_agent": {
            "score": 20,
            "reason": "",
            "agent_name": "header_agent"
          },
          "reputation_agent": {
            "score": 0,
            "reason": "",
            "agent_name": "reputation_agent"
          }
        },
        "latency_ms": 3544.867992401123,
        "cache_hit": false,
        "error": null
      },
      {
        "email_id": "email_0097",
        "ground_truth": "SAFE",
        "verdict": "PHISHING",
        "score": 75,
        "confidence": 0.75,
        "agent_scores": {
          "url_agent": {
            "score": 0,
            "reason": "",
            "agent_name": "url_agent"
          },
          "content_agent": {
            "score": 99,
            "reason": "",
            "agent_name": "content_agent"
          },
          "header_agent": {
            "score": 20,
            "reason": "",
            "agent_name": "header_agent"
          },
          "reputation_agent": {
            "score": 0,
            "reason": "",
            "agent_name": "reputation_agent"
          }
        },
        "latency_ms": 3736.53507232666,
        "cache_hit": false,
        "error": null
      },
      {
        "email_id": "email_0120",
        "ground_truth": "SAFE",
        "verdict": "PHISHING",
        "score": 75,
        "confidence": 0.75,
        "agent_scores": {
          "url_agent": {
            "score": 0,
            "reason": "",
            "agent_name": "url_agent"
          },
          "content_agent": {
            "score": 99,
            "reason": "",
            "agent_name": "content_agent"
          },
          "header_agent": {
            "score": 20,
            "reason": "",
            "agent_name": "header_agent"
          },
          "reputation_agent": {
            "score": 0,
            "reason": "",
            "agent_name": "reputation_agent"
          }
        },
        "latency_ms": 2957.535982131958,
        "cache_hit": false,
        "error": null
      },
      {
        "email_id": "email_0123",
        "ground_truth": "SAFE",
        "verdict": "PHISHING",
        "score": 75,
        "confidence": 0.75,
        "agent_scores": {
          "url_agent": {
            "score": 0,
            "reason": "",
            "agent_name": "url_agent"
          },
          "content_agent": {
            "score": 99,
            "reason": "",
            "agent_name": "content_agent"
          },
          "header_agent": {
            "score": 20,
            "reason": "",